Model,Training_Data,N_Folds,Accuracy_Mean,Accuracy_Std,Precision_Mean,Precision_Std,Recall_Mean,Recall_Std,F1_Mean,F1_Std,ROC_AUC_Mean,ROC_AUC_Std,AUPRC_Mean,AUPRC_Std,Threshold_Mean,Threshold_Std
CatBoost,Real+Synthetic,5,0.18272123253077388,0.047535323500691014,0.10508061799453779,0.011023876752176181,0.8753690035570416,0.08888246780874973,0.18735814433754183,0.018045302977953127,0.5718958876646576,0.08267696936891251,0.17341294008552127,0.08177620082185016,0.14198813823622564,0.1747761053616265
XGBoost,Real+Synthetic,5,0.23095957056621028,0.06011563298486965,0.11028506299815384,0.011781111436432115,0.8703141563601179,0.11740287204931135,0.1956571149820407,0.02094412654919168,0.5609761262644697,0.10806718721812125,0.16632978962352327,0.08492713109212063,0.026747472933493555,0.023427888018159555
CatBoost,Real,5,0.18772401551884113,0.02733608763610532,0.1104998908658698,0.010009203463229522,0.9277478631412309,0.07559694170595255,0.19722997432437525,0.01606791917441014,0.5509862746892751,0.06447655994019658,0.15228187788557204,0.04981386477450272,0.09252896105327088,0.1717557091013618
XGBoost,Real,5,0.26124677799686036,0.050153859687206995,0.11605475516459651,0.0100405619619651,0.8882304523388436,0.11007454431288585,0.2050545322748188,0.017340990248818276,0.5725172682450089,0.06377989864366869,0.13746174828560032,0.035070566491675156,0.042622470669448374,0.048622293322517315
